维修站代号,索赔申请号,故障编号,KDNR,故障类别,厂商号(对零件)或车身位置(对油漆),修理种类(修理/更换零件),工位及材料编排,工时数,"工时费(已计税,已计优惠)","材料费(未计税,已计优惠)",重复修理标记,委托书编号,车辆类别,记帐类别,索赔内容类别,索赔形式类别,销售型号(维修站填写),车辆识别号,"购车日期(整车索赔),上次修理日期(配件索赔)",修理日期,车辆行驶里程,损坏事宜,发动机号,销售型号,国家目录型号,品牌识别号,统计用一级车型,发动机型号标识,发动机型号标识.1,变速箱型号标识,变速箱型号标识.1,车门数,排放标准,车身形式,发动机家族,发动机机组号,功率(千瓦),汽缸数,气门数,排量,动力源种类,油气混合方式,油气混合方式长码,油气混合方式简码,发动机类型,涡轮增压标识,扭矩,变速箱类型,变速箱排挡数量,驱动类型,变速箱类别,变速箱机组号,变速箱种类,变速箱种类组,变速箱系列,发动机条码,变速箱条码,发动机生产日期,变速箱生产日期,ZP8报交时间,销售日期,交付日期,抽样偏移月份数,是否出租车,KDNR.1,故障类别组,厂商代号,累计故障数,累计索赔费用,使用月份数,主损类别,主损工位号,主损件零件号(换上)  第1位,主损件零件号(换上)  第2~4位,主损件零件号(换上)  第5~7位,主损件零件号(换上)  第8~10位,主损件零件号(换上)  第11~12位,主损件零件号(换上)  第13~15位,主损件零件号(换下)  第1位,主损件零件号(换下)  第2~4位,主损件零件号(换下)  第5~7位,主损件零件号(换下)  第8~10位,主损件零件号(换下)  第11~12位,主损件零件号(换下)  第13~15位,结算日期,数据采集时间,数据更新时间,数据来源,批量行动标识号,安全等级,采购方式,主损工位材料编号,税率,工时费率,零件管理费率,扫描入库流水号,扫描入库时间,扫描入库厂商号,扫描入库零件号,扫描入库零件数量,扫描入库库位代码,扫描出库流水号,扫描出库时间,扫描出库厂商号,扫描出库零件号,扫描出库零件数量,扫描出库库位代码,扫描出库单号,车辆识别号后8位,车辆识别号流水号(后6位),从VIN码中解析的车型年,车辆识别号车型年代号及流水号,发动机型号标识(从VIS发动机号),发动机流水号(从VIS发动机号),排量及油气混合方式,变速箱类型及排挡数量,一级车型,车型索引,一级车型+是否出租车,一级车型+排量+油气混合方式,一级车型+变速箱类型+排挡数量,一级车型+排量+油气混合方式+变速箱类型+排挡数量,发动机型号标识_实际值,发动机流水号,短发动机厂标识,整发动机厂标识,变速箱型号标识_实际值,变速箱流水号,变速箱厂标识,生产年份,生产年月,生产日期,销售年份,销售年月,销售日期.1,修理年份,修理年月,修理日期.1,结算年份,结算年月,结算日期.1,是否批量行动,引导数据,行驶千公里数,主损件零件号(换上),主损件零件号(换下),故障件出入库状态,主损零件/工位号,担保或优惠索赔标识,配件索赔标识,油漆故障,A类故障,B类故障,C类故障,D类故障,E类故障,车辆/配件投入使用天数,投入使用天数的30天周期数,修理到扫描入库延迟天数,修理到结算延迟天数,修理到结算延迟天数的30天周期数,变速箱档位数,零件主干号,工时费(含税),工时费(不含税),材料费(含税),材料费(不含税),工时费(含税)+材料费(含税),工时费(不含税)+材料费(不含税),工时费(含税)+材料费(不含税),生产日期.1
74322019,1N5476  ,1,1373,18,002,2,10203,50.0,136.0,2056.75,N,1-20221210036,3,1,1,1,498BZY,LSVCB6F29N2011946,2022-12-10 00:00:00.000,2022-12-10 00:00:00.000,194.0,皮带断裂，经检查由张紧器松动造成，更换张紧器及皮带.,DTK502764,498BZY,SVW72025BV,2,490000,DTK,DTK,UGS,UGS,4,C6,3,EA888,06T.B,180,4,4,2.0,SB,Turbo,TSI,TSI,OTTO,1,370,AG,7,Q,D,0DP.A,0DP-7Q,DL382-7Q,DL382,005DTK 502764ZZ22083%,006UGSB010337N220313A,2022-02-23 00:00:00.000,2022-03-13 00:00:00.000,2022-05-22 14:09:39.000,2022-11-09 00:00:00.000,2022-11-29 00:00:00.000,6,N,1373,18,5CB,1,2192.75,1,T,, ,06N,903,133,  ,   , ,06N,903,133,  ,   ,2023-01-01 00:00:00.000,2023-01-20 03:13:07.923,2024-03-22 13:34:40.530,SVWSC,      ,E,,2,0.13,2.72,1.1,16662693,2022-12-29 15:16:00.000,CKD,  06N 903 133       ,1.0,AD00FF001D,,,,,,,,N2011946,11946,2022,2022011946,DTK,502764,2.0T,AG7,49,498,49N,49 2.0T,49 AG7,49 2.0T AG7,DTK,502764,Z,Z,UGS,B010337,N,2022,202205,20220522,2022,202211,20221109,2022,202212,20221210,2023,202301,20230101,0,3111,0,06N903133     ,06N903133     ,2,T: 06N903133     ,G,0,0,0,0,0,0,1,0,0,19,22,0,7,903133,136.0,120.353982300884,2324.1275,2056.75,2460.1275,2177.103982300884,2192.75,2022-05-22 00:00:00.000
74322019,1R2552  ,1,1373,20,002,2,1020304,50.0,136.0,2022.54,N,1-20240515050,3,1,1,1,498BZG,LSVCA6F29P2010656,2023-07-18 00:00:00.000,2024-05-15 00:00:00.000,16097.0,怠速发动机前部“吱吱”异响，更换张紧器及皮带.,DTK507579,498BZG,SVW72025AV,2,490000,DTK,DTK,UGH,UGH,4,C6,3,EA888,06T.B,180,4,4,2.0,SB,Turbo,TSI,TSI,OTTO,1,370,AG,7,F,D,0DN.C,0DN-7F,DL382-7F,DL382,005DTK 507579ZZ231256,006UGHB011063N2208232,2023-03-24 00:00:00.000,2022-08-23 00:00:00.000,2023-05-03 15:32:23.000,2023-07-11 00:00:00.000,2023-07-18 00:00:00.000,2,N,1373,20,5CB,1,2158.54,10,T,, ,06N,903,133,A ,   , ,06N,903,133,A ,   ,2024-06-01 00:00:00.000,2024-06-20 06:00:54.597,2024-06-21 05:32:35.663,SVWSC,      ,E,,4,0.13,2.72,1.1,17903704,2024-05-24 10:21:00.000,CKD,  06N 903 133 A     ,1.0,AD00FF001D,,,,,,,,P2010656,10656,2023,2023010656,DTK,507579,2.0T,AG7,49,498,49N,49 2.0T,49 AG7,49 2.0T AG7,DTK,507579,Z,Z,UGH,B011063,N,2023,202305,20230503,2023,202307,20230711,2024,202405,20240515,2024,202406,20240601,0,3111,16,06N903133A    ,06N903133A    ,2,T: 06N903133A    ,G,0,0,0,0,0,0,1,302,10,9,17,0,7,903133,136.0,120.353982300884,2285.4702,2022.54,2421.4702,2142.893982300884,2158.54,2023-05-03 00:00:00.000
74323019,1P0360  ,1,1373,20,MUB,2,102030405,50.0,136.0,2065.31,N,1-20230220083,3,1,1,1,498BZG,LSVCA6F29N2014459,2022-12-08 00:00:00.000,2023-02-20 00:00:00.000,4236.0,车辆冷车启动有啸叫声，异响来自于张紧器和皮带，更换,DTK505753,498BZG,SVW72025AV,2,490000,DTK,DTK,UGH,UGH,4,C6,3,EA888,06T.B,180,4,4,2.0,SB,Turbo,TSI,TSI,OTTO,1,370,AG,7,F,D,0DN.C,0DN-7F,DL382-7F,DL382,005DTK 505753ZZ222843,006UGHB011089N2203022,2022-07-14 00:00:00.000,2022-03-02 00:00:00.000,2022-07-18 20:30:05.000,2022-10-30 00:00:00.000,2022-12-08 00:00:00.000,3,N,1373,20,MUB,1,2201.31,3,T,, ,06N,903,133,  ,   , ,06N,903,133,A ,   ,2023-03-01 00:00:00.000,2023-03-20 04:18:44.270,2024-03-22 13:34:40.530,SVWSC,      ,E,,3,0.13,2.72,1.1,16792507,2023-03-10 14:07:00.000,CKD,  06N 903 133 A     ,1.0,AD00FF001D,,,,,,,,N2014459,14459,2022,2022014459,DTK,505753,2.0T,AG7,49,498,49N,49 2.0T,49 AG7,49 2.0T AG7,DTK,505753,Z,Z,UGH,B011089,N,2022,202207,20220718,2022,202210,20221030,2023,202302,20230220,2023,202303,20230301,0,3111,4,06N903133     ,06N903133A    ,2,T: 06N903133A    ,G,0,0,0,0,0,0,1,74,2,18,9,0,7,903133,136.0,120.353982300884,2333.8003,2065.31,2469.8003,2185.663982300884,2201.31,2022-07-18 00:00:00.000
74323039,1P1279  ,1,1373,20,MUB,2,10203,50.0,136.0,1478.35,N,1-20230819041,3,1,1,1,498BZY,LSVCB6F28N2013736,2023-04-20 00:00:00.000,2023-08-19 00:00:00.000,5448.0,冷车启动时机舱有唧唧噪音，张紧器与皮带不配合导致异响，更换张紧器,DTK504064,498BZY,SVW72025BV,2,490000,DTK,DTK,UGS,UGS,4,C6,3,EA888,06T.B,180,4,4,2.0,SB,Turbo,TSI,TSI,OTTO,1,370,AG,7,Q,D,0DP.A,0DP-7Q,DL382-7Q,DL382,005DTK 504064ZZ22225Z,006UGSB010130N2206044,2022-06-03 00:00:00.000,2022-06-04 00:00:00.000,2022-06-28 00:42:04.000,2023-04-20 00:00:00.000,2023-04-20 00:00:00.000,10,N,1373,20,MUB,1,1614.35,5,T,, ,06N,903,133,  ,   , ,06N,903,133,A ,   ,2023-09-20 00:00:00.000,2023-09-21 06:27:31.080,2024-03-22 13:34:40.530,SVWSC,      ,E,,2,0.13,2.72,1.1,17222296,2023-09-11 11:05:00.000,CKD,  06N 903 133 A     ,1.0,AD00FF001D,,,,,,,,N2013736,13736,2022,2022013736,DTK,504064,2.0T,AG7,49,498,49N,49 2.0T,49 AG7,49 2.0T AG7,DTK,504064,Z,Z,UGS,B010130,N,2022,202206,20220628,2023,202304,20230420,2023,202308,20230819,2023,202309,20230920,0,3111,5,06N903133     ,06N903133A    ,2,T: 06N903133A    ,G,0,0,0,0,0,0,1,121,4,23,32,1,7,903133,136.0,120.353982300884,1670.5355,1478.35,1806.5355,1598.703982300884,1614.35,2022-06-28 00:00:00.000
74323919,1P2500  ,1,1373,20,MUB,2,10203,50.0,136.0,2013.98,N,1-20231114020,3,1,1,1,498BZY,LSVCB6F22P2012908,2023-06-28 00:00:00.000,2023-11-14 00:00:00.000,2933.0,LXD冷车启动时机舱有唧唧噪音，张紧器与皮带不配合导致，更换张紧器,DTK509927,498BZY,SVW72025BV,2,490000,DTK,DTK,UGS,UGS,4,C6,3,EA888,06T.B,180,4,4,2.0,SB,Turbo,TSI,TSI,OTTO,1,370,AG,7,Q,D,0DP.A,0DP-7Q,DL382-7Q,DL382,005DTK 509927ZZ232234,006UGSB010654N230527K,2023-05-31 00:00:00.000,2023-05-27 00:00:00.000,2023-06-12 14:42:32.000,2023-06-26 00:00:00.000,2023-06-28 00:00:00.000,0,N,1373,20,MUB,1,2149.98,5,T,, ,06N,903,133,A ,   , ,06N,903,133,A ,   ,2024-01-20 00:00:00.000,2024-01-21 04:57:08.570,2024-03-22 13:34:40.530,SVWSC,      ,E,,3,0.13,2.72,1.1,17606715,2024-01-18 10:52:00.000,CKD,  06N 903 133 A     ,1.0,AD00FF001D,,,,,,,,P2012908,12908,2023,2023012908,DTK,509927,2.0T,AG7,49,498,49N,49 2.0T,49 AG7,49 2.0T AG7,DTK,509927,Z,Z,UGS,B010654,N,2023,202306,20230612,2023,202306,20230626,2023,202311,20231114,2024,202401,20240120,0,3111,2,06N903133A    ,06N903133A    ,2,T: 06N903133A    ,G,0,0,0,0,0,0,1,139,4,65,67,2,7,903133,136.0,120.353982300884,2275.7974,2013.98,2411.7974,2134.333982300884,2149.98,2023-06-12 00:00:00.000
74323929,1P3291  ,1,1373,10,MUB,2,10203,50.0,136.0,2013.98,N,1-20231130003,1,1,1,1,498BZG,LSVCA6F2XP2017230,2023-09-22 00:00:00.000,2023-11-30 00:00:00.000,7363.0,冷车时皮带异响，张紧器与皮带不匹配导致，更换张紧器与皮带,DTK514803,498BZG,SVW72025AV,2,490000,DTK,DTK,UGH,UGH,4,C6,3,EA888,06T.B,180,4,16,2.0,SB,Turbo,TSI,TSI,OTTO,1,370,AG,7,F,D,0DN.C,0DN-7F,DL382-7F,DL382,005DTK 514803ZZ23316$,006UGHB010245N230620%,2023-08-05 00:00:00.000,2023-06-20 00:00:00.000,2023-08-24 14:06:06.000,2023-09-06 00:00:00.000,2023-09-22 00:00:00.000,1,N,1373,10,MUB,1,2149.98,3,T,, ,06N,903,133,A ,   , ,06N,903,133,A ,   ,2023-12-20 00:00:00.000,2023-12-21 05:54:47.470,2024-04-26 10:39:40.607,SVWSC,      ,E,,3,0.13,2.72,1.1,17512692,2023-12-18 15:00:00.000,CKD,  06N 903 133 A     ,1.0,AD00FF001D,,,,,,,,P2017230,17230,2023,2023017230,DTK,514803,2.0T,AG7,49,498,49N,49 2.0T,49 AG7,49 2.0T AG7,DTK,514803,Z,Z,UGH,B010245,N,2023,202308,20230824,2023,202309,20230906,2023,202311,20231130,2023,202312,20231220,0,1111,7,06N903133A    ,06N903133A    ,2,T: 06N903133A    ,G,0,0,0,0,0,0,1,69,2,18,20,0,7,903133,136.0,120.353982300884,2275.7974,2013.98,2411.7974,2134.333982300884,2149.98,2023-08-24 00:00:00.000
74323929,1R0115  ,1,1373,20,5VP,2,102,30.0,81.6,65.59,N,1-20240113091,1,1,1,1,498BZG,LSVCA6F20P2017270,2023-09-22 00:00:00.000,2024-01-13 00:00:00.000,10254.0,冷车时前部唧唧异响，皮带异响导致。更换皮带,DTK514811,498BZG,SVW72025AV,2,490000,DTK,DTK,UGH,UGH,4,C6,3,EA888,06T.B,180,4,16,2.0,SB,Turbo,TSI,TSI,OTTO,1,370,AG,7,F,D,0DN.C,0DN-7F,DL382-7F,DL382,005DTK 514811ZZ23316 ,006UGHB011563N230629C,2023-08-05 00:00:00.000,2023-06-29 00:00:00.000,2023-08-25 09:35:26.000,2023-09-06 00:00:00.000,2023-09-22 00:00:00.000,1,N,1373,20,5VP,1,147.19,4,T,, ,06L,903,137,J ,   , ,06L,903,137,J ,   ,2024-02-01 00:00:00.000,2024-02-20 03:16:43.577,2024-04-26 10:39:40.607,SVWSC,      ,E,,2,0.13,2.72,1.1,17621665,2024-01-24 10:28:00.000,5VP,  06L 903 137 J     ,1.0,AD00FE022C,17817744.0,2024-02-02 14:54:00.000,5VP,  06L 903 137 J     ,1.0,AD00FE022C,2402-0072,P2017270,17270,2023,2023017270,DTK,514811,2.0T,AG7,49,498,49N,49 2.0T,49 AG7,49 2.0T AG7,DTK,514811,Z,Z,UGH,B011563,N,2023,202308,20230825,2023,202309,20230906,2024,202401,20240113,2024,202402,20240201,0,1111,10,06L903137J    ,06L903137J    ,3,T: 06L903137J    ,G,0,0,0,0,0,0,1,113,3,11,19,0,7,903137,81.6,72.21238938053,74.1167,65.59,155.7167,137.80238938053,147.19,2023-08-25 00:00:00.000
74323979,1P1277  ,1,1373,20,MUB,2,1020304,50.0,136.0,2022.54,N,1-20231010018,3,1,1,1,498BZY,LSVCB6F23P2014909,2023-08-10 00:00:00.000,2023-10-10 00:00:00.000,2278.0,LXD冷车启动时机舱内有唧唧异响，张紧器和皮带不配合导致，更换张紧器和皮带,DTK511649,498BZY,SVW72025BV,2,490000,DTK,DTK,UGS,UGS,4,C6,3,EA888,06T.B,180,4,16,2.0,SB,Turbo,TSI,TSI,OTTO,1,370,AG,7,Q,D,0DP.A,0DP-7Q,DL382-7Q,DL382,005DTK 511649ZZ232744,006UGSB011346N230629M,2023-07-06 00:00:00.000,2023-06-29 00:00:00.000,2023-07-18 07:44:47.000,2023-08-10 00:00:00.000,2023-08-12 00:00:00.000,1,N,1373,20,MUB,1,2158.54,3,T,, ,06N,903,133,A ,   , ,06N,903,133,A ,   ,2023-11-01 00:00:00.000,2023-11-20 04:43:24.740,2024-03-22 13:34:40.530,SVWSC,      ,E,,2,0.13,2.72,1.1,17340448,2023-10-23 09:33:00.000,CKD,  06N 903 133 A     ,1.0,AD00FF001D,,,,,,,,P2014909,14909,2023,2023014909,DTK,511649,2.0T,AG7,49,498,49N,49 2.0T,49 AG7,49 2.0T AG7,DTK,511649,Z,Z,UGS,B011346,N,2023,202307,20230718,2023,202308,20230810,2023,202310,20231010,2023,202311,20231101,0,3111,2,06N903133A    ,06N903133A    ,2,T: 06N903133A    ,G,0,0,0,0,0,0,1,61,2,13,22,0,7,903133,136.0,120.353982300884,2285.4702,2022.54,2421.4702,2142.893982300884,2158.54,2023-07-18 00:00:00.000
74324029,1R1140  ,1,1373,20,MUB,2,1020304,50.0,136.0,2022.54,N,1-20240326023,3,1,1,1,498BZY,LSVCB6F25P2012708,2023-11-13 00:00:00.000,2024-03-26 00:00:00.000,7217.0,机舱内异响，发电机皮带和张紧器不配合导致，更换皮带和张紧器,DTK509810,498BZY,SVW72025BV,2,490000,DTK,DTK,UGS,UGS,4,C6,3,EA888,06T.B,180,4,16,2.0,SB,Turbo,TSI,TSI,OTTO,1,370,AG,7,Q,D,0DP.A,0DP-7Q,DL382-7Q,DL382,005DTK 509810ZZ23223 ,006UGSB011490N220824I,2023-05-31 00:00:00.000,2022-08-24 00:00:00.000,2023-06-07 12:35:23.000,2023-11-11 00:00:00.000,2023-11-13 00:00:00.000,5,N,1373,20,MUB,1,2158.54,5,T,, ,06N,903,133,A ,   , ,06N,903,133,A ,   ,2024-05-01 00:00:00.000,2024-05-20 04:34:43.827,2024-05-21 05:38:57.557,SVWSC,      ,E,,3,0.13,2.72,1.1,17812598,2024-04-19 12:51:00.000,CKD,  06N 903 133 A     ,1.0,AD00FF001D,,,,,,,,P2012708,12708,2023,2023012708,DTK,509810,2.0T,AG7,49,498,49N,49 2.0T,49 AG7,49 2.0T AG7,DTK,509810,Z,Z,UGS,B011490,N,2023,202306,20230607,2023,202311,20231111,2024,202403,20240326,2024,202405,20240501,0,3111,7,06N903133A    ,06N903133A    ,2,T: 06N903133A    ,G,0,0,0,0,0,0,1,134,4,24,36,1,7,903133,136.0,120.353982300884,2285.4702,2022.54,2421.4702,2142.893982300884,2158.54,2023-06-07 00:00:00.000
74330039,1R1179  ,1,1373,10,MUB,2,10203,50.0,136.0,2013.98,N,1-20240511019,3,1,1,1,498BZY,LSVDE6F25R2012075,2024-04-07 00:00:00.000,2024-05-11 00:00:00.000,106.0,"仪表报电力系统故障,检查发电机皮带卡在张紧器里，已断裂。判断是张紧器涨紧力度不够导致皮带损坏 ,更换",DTK529112,498BZY,SVW72025GV,2,490000,DTK,DTK,UGS,UGS,4,C6,3,EA888,06T.B,180,4,16,2.0,SB,Turbo,TSI,TSI,OTTO,1,370,AG,7,Q,D,0DP.A,0DP-7Q,DL382-7Q,DL382,005DTK 529112ZZ24111W,006UGSB010567N240306J,2024-03-11 00:00:00.000,2024-03-06 00:00:00.000,2024-03-15 14:25:48.000,2024-04-02 00:00:00.000,2024-04-07 00:00:00.000,1,N,1373,10,MUB,1,2149.98,2,T,, ,06N,903,133,A ,   , ,06N,903,133,A ,   ,2024-06-01 00:00:00.000,2024-06-20 06:00:54.597,2024-06-21 05:32:35.663,SVWSC,      ,E,,2,0.13,2.72,1.1,17883978,2024-05-20 10:27:00.000,CKD,  06N 903 133 A     ,1.0,AD00FF001D,,,,,,,,R2012075,12075,2024,2024012075,DTK,529112,2.0T,AG7,49,498,49N,49 2.0T,49 AG7,49 2.0T AG7,DTK,529112,Z,Z,UGS,B010567,N,2024,202403,20240315,2024,202404,20240402,2024,202405,20240511,2024,202406,20240601,0,3111,0,06N903133A    ,06N903133A    ,2,T: 06N903133A    ,G,0,0,0,0,0,0,1,34,1,9,21,0,7,903133,136.0,120.353982300884,2275.7974,2013.98,2411.7974,2134.333982300884,2149.98,2024-03-15 00:00:00.000
74331039,1P1119  ,1,1373,20,MUB,2,1020304,50.0,136.0,2022.54,N,1-20231031002,3,1,1,1,498BZG,LSVCA6F26N2015813,2023-04-11 00:00:00.000,2023-10-31 00:00:00.000,9310.0,发动机机舱声音大，张紧器故障导致皮带异响，更换张紧器和皮带,DTK506936,498BZG,SVW72025AV,2,490000,DTK,DTK,UGH,UGH,4,C6,3,EA888,06T.B,180,4,4,2.0,SB,Turbo,TSI,TSI,OTTO,1,370,AG,7,F,D,0DN.C,0DN-7F,DL382-7F,DL382,005DTK 506936ZZ223321,006UGHB011221N220714/,2022-08-16 00:00:00.000,2022-07-14 00:00:00.000,2022-08-25 18:41:21.000,2023-04-06 00:00:00.000,2023-04-11 00:00:00.000,8,N,1373,20,MUB,1,2158.54,7,T,, ,06N,903,133,A ,   , ,06N,903,133,A ,   ,2023-11-20 00:00:00.000,2023-11-21 05:42:02.007,2024-03-22 13:34:40.530,SVWSC,      ,E,,2,0.13,2.72,1.1,17401823,2023-11-10 11:03:00.000,CKD,  06N 903 133 A     ,1.0,AD00FF001D,,,,,,,,N2015813,15813,2022,2022015813,DTK,506936,2.0T,AG7,49,498,49N,49 2.0T,49 AG7,49 2.0T AG7,DTK,506936,Z,Z,UGH,B011221,N,2022,202208,20220825,2023,202304,20230406,2023,202310,20231031,2023,202311,20231120,0,3111,9,06N903133A    ,06N903133A    ,2,T: 06N903133A    ,G,0,0,0,0,0,0,1,203,6,10,20,0,7,903133,136.0,120.353982300884,2285.4702,2022.54,2421.4702,2142.893982300884,2158.54,2022-08-25 00:00:00.000
74333029,1P6394  ,1,1373,20,MUB,2,1020304,50.0,136.0,2022.54,N,1-20231020102,3,1,1,1,498BZG,LSVCA6F27P2010848,2023-08-11 00:00:00.000,2023-10-20 00:00:00.000,3433.0,冷车着车发动机吱吱响，为张紧器与皮带不配合导致，更换张紧器,DTK507197,498BZG,SVW72025AV,2,490000,DTK,DTK,UGH,UGH,4,C6,3,EA888,06T.B,180,4,16,2.0,SB,Turbo,TSI,TSI,OTTO,1,370,AG,7,F,D,0DN.C,0DN-7F,DL382-7F,DL382,005DTK 507197ZZ223321,006UGHB010587N220823C,2022-08-16 00:00:00.000,2022-08-23 00:00:00.000,2023-05-12 12:43:39.000,2023-07-28 00:00:00.000,2023-08-11 00:00:00.000,2,N,1373,20,MUB,1,2158.54,3,T,, ,06N,903,133,A ,   , ,06N,903,133,A ,   ,2023-11-20 00:00:00.000,2023-11-21 05:42:02.007,2024-04-26 10:39:40.607,SVWSC,      ,E,,4,0.13,2.72,1.1,17386702,2023-11-06 13:47:00.000,CKD,  06N 903 133 A     ,1.0,AD00FF001D,,,,,,,,P2010848,10848,2023,2023010848,DTK,507197,2.0T,AG7,49,498,49N,49 2.0T,49 AG7,49 2.0T AG7,DTK,507197,Z,Z,UGH,B010587,N,2023,202305,20230512,2023,202307,20230728,2023,202310,20231020,2023,202311,20231120,0,3111,3,06N903133A    ,06N903133A    ,2,T: 06N903133A    ,G,0,0,0,0,0,0,1,70,2,17,31,1,7,903133,136.0,120.353982300884,2285.4702,2022.54,2421.4702,2142.893982300884,2158.54,2023-05-12 00:00:00.000
74333029,1P6829  ,1,1373,20,002,2,10203,50.0,136.0,581.64,N,1-20231111018,3,1,1,1,498B2Y,LSVCC6F2XP2013737,2023-07-22 00:00:00.000,2023-11-11 00:00:00.000,17725.0,车辆怠速发动机叽叽响，为空调压缩机张紧轮故障导致，更换,DLZ136172,498B2Y,SVW73025CK,2,490000,DLZ,DLZ,UPM,UPM,4,C6,3,EA839,06M.C,250,6,4,3.0,Ben,Turbo,TSI,TSI,OTTO,1,500,AG,7,Q,D,0HL.B,0HL-7Q,DL382-7Q,DL382,005DLZ 136172GG214436,006UPMC033072K2202029,2021-11-03 00:00:00.000,2022-02-02 00:00:00.000,2023-06-26 14:46:24.000,2023-07-16 00:00:00.000,2023-07-22 00:00:00.000,1,N,1373,20,5CB,1,717.64,4,T,, ,06M,903,315,K ,   , ,06M,903,315,K ,   ,2023-12-01 00:00:00.000,2023-12-20 05:49:40.557,2024-03-22 13:34:40.530,SVWSC,      ,E,,3,0.13,2.72,1.1,17455115,2023-11-27 13:46:00.000,CKD,  06M 903 315 K     ,1.0,AD00FF001C,,,,,,,,P2013737,13737,2023,2023013737,DLZ,136172,3.0T,AG7,49,498,49N,49 3.0T,49 AG7,49 3.0T AG7,DLZ,136172,G,G,UPM,C033072,K,2023,202306,20230626,2023,202307,20230716,2023,202311,20231111,2023,202312,20231201,0,3111,17,06M903315K    ,06M903315K    ,2,T: 06M903315K    ,G,0,0,0,0,0,0,1,112,3,16,20,0,7,903315,136.0,120.353982300884,657.2532,581.64,793.2532,701.993982300884,717.64,2023-06-26 00:00:00.000
74333029,1R2370  ,1,1373,20,MUB,2,1020304,50.0,136.0,2022.54,Y,1-20240607041,3,1,1,1,498BZG,LSVCA6F27P2010848,2023-08-11 00:00:00.000,2024-06-07 00:00:00.000,12847.0,冷车着车发动机吱吱响，为张紧器内部故障导致，更换,DTK507197,498BZG,SVW72025AV,2,490000,DTK,DTK,UGH,UGH,4,C6,3,EA888,06T.B,180,4,16,2.0,SB,Turbo,TSI,TSI,OTTO,1,370,AG,7,F,D,0DN.C,0DN-7F,DL382-7F,DL382,005DTK 507197ZZ223321,006UGHB010587N220823C,2022-08-16 00:00:00.000,2022-08-23 00:00:00.000,2023-05-12 12:43:39.000,2023-07-28 00:00:00.000,2023-08-11 00:00:00.000,2,N,1373,20,MUB,1,2158.54,10,T,, ,06N,903,133,A ,   , ,06N,903,133,A ,   ,2024-06-20 00:00:00.000,2024-06-21 06:13:10.107,2024-06-22 06:29:22.920,SVWSC,      ,E,,3,0.13,2.72,1.1,17956548,2024-06-18 14:52:00.000,CKD,  06N 903 133 A     ,1.0,AD00FF001D,,,,,,,,P2010848,10848,2023,2023010848,DTK,507197,2.0T,AG7,49,498,49N,49 2.0T,49 AG7,49 2.0T AG7,DTK,507197,Z,Z,UGH,B010587,N,2023,202305,20230512,2023,202307,20230728,2024,202406,20240607,2024,202406,20240620,0,3111,12,06N903133A    ,06N903133A    ,2,T: 06N903133A    ,G,0,0,0,0,0,0,1,301,10,11,13,0,7,903133,136.0,120.353982300884,2285.4702,2022.54,2421.4702,2142.893982300884,2158.54,2023-05-12 00:00:00.000
74333919,1P2940  ,1,1373,20,002,2,1020304,50.0,136.0,2013.98,N,1-20231113017,3,1,1,1,498BZY,LSVCB6F26P2012717,2023-08-07 00:00:00.000,2023-11-13 00:00:00.000,4714.0,发动机异响，发现皮带发出异响，根据TPI维修指导更换张紧器及皮带处理,DTK509683,498BZY,SVW72025BV,2,490000,DTK,DTK,UGS,UGS,4,C6,3,EA888,06T.B,180,4,16,2.0,SB,Turbo,TSI,TSI,OTTO,1,370,AG,7,Q,D,0DP.A,0DP-7Q,DL382-7Q,DL382,005DTK 509683ZZ232233,006UGSB011501N220824B,2023-05-31 00:00:00.000,2022-08-24 00:00:00.000,2023-06-13 07:59:29.000,2023-07-31 00:00:00.000,2023-08-07 00:00:00.000,1,N,1373,20,5CB,1,2149.98,4,T,, ,06N,903,133,A ,   , ,06N,903,133,A ,   ,2024-01-20 00:00:00.000,2024-01-21 04:57:08.570,2024-03-22 13:34:40.530,SVWSC,      ,E,,4,0.13,2.72,1.1,17561157,2024-01-04 15:10:00.000,CKD,  06N 903 133 A     ,1.0,AD00FF001D,,,,,,,,P2012717,12717,2023,2023012717,DTK,509683,2.0T,AG7,49,498,49N,49 2.0T,49 AG7,49 2.0T AG7,DTK,509683,Z,Z,UGS,B011501,N,2023,202306,20230613,2023,202307,20230731,2023,202311,20231113,2024,202401,20240120,0,3111,4,06N903133A    ,06N903133A    ,2,T: 06N903133A    ,G,0,0,0,0,0,0,1,98,3,52,68,2,7,903133,136.0,120.353982300884,2275.7974,2013.98,2411.7974,2134.333982300884,2149.98,2023-06-13 00:00:00.000
74335019,1P2644  ,1,1373,15,MUB,2,102030405,50.0,136.0,2022.54,N,1-20230923063,3,1,1,1,498BZY,LSVCB6F25N2011247,2022-08-02 00:00:00.000,2023-09-23 00:00:00.000,40369.0,皮带断裂，为张紧器和皮带故障，更换张紧器及皮带。,DTK503040,498BZY,SVW72025BV,2,490000,DTK,DTK,UGS,UGS,4,C6,3,EA888,06T.B,180,4,4,2.0,SB,Turbo,TSI,TSI,OTTO,1,370,AG,7,Q,D,0DP.A,0DP-7Q,DL382-7Q,DL382,005DTK 503040ZZ22094W,006UGSB010323N2201289,2022-03-03 00:00:00.000,2022-01-28 00:00:00.000,2022-05-10 12:57:35.000,2022-08-02 00:00:00.000,2022-08-21 00:00:00.000,3,N,1373,15,MUB,1,2158.54,14,T,, ,06N,903,133,A ,   , ,06N,903,133,A ,   ,2023-12-01 00:00:00.000,2023-12-20 05:49:40.557,2024-03-22 13:34:40.530,SVWSC,      ,E,,5,0.13,2.72,1.1,17429966,2023-11-20 13:06:00.000,CKD,  06N 903 133 A     ,1.0,AD00FF001D,,,,,,,,N2011247,11247,2022,2022011247,DTK,503040,2.0T,AG7,49,498,49N,49 2.0T,49 AG7,49 2.0T AG7,DTK,503040,Z,Z,UGS,B010323,N,2022,202205,20220510,2022,202208,20220802,2023,202309,20230923,2023,202312,20231201,0,3111,40,06N903133A    ,06N903133A    ,2,T: 06N903133A    ,G,0,0,0,0,0,0,1,417,13,58,69,2,7,903133,136.0,120.353982300884,2285.4702,2022.54,2421.4702,2142.893982300884,2158.54,2022-05-10 00:00:00.000
74335989,1P3024  ,1,1373,20,MUB,2,102030405,50.0,136.0,2022.54,N,1-20231113005,3,1,1,1,498BZY,LSVCB6F26P2015598,2023-08-14 00:00:00.000,2023-11-13 00:00:00.000,7601.0,冷车启动时发动机舱唧唧响，为皮带张紧器异响故障，更换皮带张紧器及皮带。,DTK512729,498BZY,SVW72025BV,2,490000,DTK,DTK,UGS,UGS,4,C6,3,EA888,06T.B,180,4,16,2.0,SB,Turbo,TSI,TSI,OTTO,1,370,AG,7,Q,D,0DP.A,0DP-7Q,DL382-7Q,DL382,005DTK 512729ZZ232924,006UGSB010869N230711N,2023-07-18 00:00:00.000,2023-07-11 00:00:00.000,2023-08-01 17:00:32.000,2023-08-10 00:00:00.000,2023-08-14 00:00:00.000,0,N,1373,20,MUB,1,2158.54,4,T,, ,06N,903,133,A ,   , ,06N,903,133,A ,   ,2024-01-20 00:00:00.000,2024-01-21 04:57:08.570,2024-03-22 13:34:40.530,SVWSC,      ,E,,5,0.13,2.72,1.1,17551346,2024-01-02 13:14:00.000,CKD,  06N 903 133 A     ,1.0,AD00FF001D,,,,,,,,P2015598,15598,2023,2023015598,DTK,512729,2.0T,AG7,49,498,49N,49 2.0T,49 AG7,49 2.0T AG7,DTK,512729,Z,Z,UGS,B010869,N,2023,202308,20230801,2023,202308,20230810,2023,202311,20231113,2024,202401,20240120,0,3111,7,06N903133A    ,06N903133A    ,2,T: 06N903133A    ,G,0,0,0,0,0,0,1,91,3,50,68,2,7,903133,136.0,120.353982300884,2285.4702,2022.54,2421.4702,2142.893982300884,2158.54,2023-08-01 00:00:00.000
74336959,1P2954  ,1,1373,20,5UM,2,102030405,80.0,217.6,2022.54,N,1-20231017066,3,1,1,1,498BZG,LSVCA6F27P2013961,2023-09-04 00:00:00.000,2023-10-17 00:00:00.000,1388.0,凉车启动异响、确认发电机皮带以及组件损坏、更换发电机皮带以及张紧器,DTK510859,498BZG,SVW72025AV,2,490000,DTK,DTK,UGH,UGH,4,C6,3,EA888,06T.B,180,4,16,2.0,SB,Turbo,TSI,TSI,OTTO,1,370,AG,7,F,D,0DN.C,0DN-7F,DL382-7F,DL382,005DTK 510859ZZ232454,006UGHB010795N230608F,2023-06-16 00:00:00.000,2023-06-08 00:00:00.000,2023-07-02 10:23:42.000,2023-09-04 00:00:00.000,2023-09-07 00:00:00.000,2,N,1373,20,5UM,1,2240.14,2,T,, ,06N,903,133,A ,   , ,06N,903,133,A ,   ,2023-11-20 00:00:00.000,2023-11-21 05:42:02.007,2024-03-22 13:34:40.530,SVWSC,      ,E,,4,0.13,2.72,1.1,17379726,2023-11-03 09:53:00.000,CKD,  06N 903 133 A     ,1.0,AD00FF001D,,,,,,,,P2013961,13961,2023,2023013961,DTK,510859,2.0T,AG7,49,498,49N,49 2.0T,49 AG7,49 2.0T AG7,DTK,510859,Z,Z,UGH,B010795,N,2023,202307,20230702,2023,202309,20230904,2023,202310,20231017,2023,202311,20231120,0,3111,1,06N903133A    ,06N903133A    ,2,T: 06N903133A    ,G,0,0,0,0,0,0,1,43,1,17,34,1,7,903133,217.6,192.566371681415,2285.4702,2022.54,2503.0702,2215.106371681415,2240.14,2023-07-02 00:00:00.000
74337019,1P0905  ,1,1373,15,MUB,2,102030405,80.0,217.6,1486.91,N,1-20230610023,3,1,1,1,498BZG,LSVCA6F26N2015648,2023-04-15 00:00:00.000,2023-06-10 00:00:00.000,2384.0,仪表报故障，检查皮带脱落引起的报警，更换张紧器和皮带,DTK506344,498BZG,SVW72025AV,2,490000,DTK,DTK,UGH,UGH,4,C6,3,EA888,06T.B,180,4,4,2.0,SB,Turbo,TSI,TSI,OTTO,1,370,AG,7,F,D,0DN.C,0DN-7F,DL382-7F,DL382,005DTK 506344ZZ22315 ,006UGHB011437N2207146,2022-08-05 00:00:00.000,2022-07-14 00:00:00.000,2022-08-24 08:05:57.000,2023-04-15 00:00:00.000,2023-04-17 00:00:00.000,8,N,1373,15,MUB,1,1704.51,2,T,, ,06N,903,133,  ,   , ,06N,903,133,A ,   ,2023-07-01 00:00:00.000,2023-07-20 06:27:00.223,2024-03-22 13:34:40.530,SVWSC,      ,E,,3,0.13,2.72,1.1,17024033,2023-06-27 08:38:00.000,CKD,  06N 903 133 A     ,1.0,AD00FF001D,,,,,,,,N2015648,15648,2022,2022015648,DTK,506344,2.0T,AG7,49,498,49N,49 2.0T,49 AG7,49 2.0T AG7,DTK,506344,Z,Z,UGH,B011437,N,2022,202208,20220824,2023,202304,20230415,2023,202306,20230610,2023,202307,20230701,0,3111,2,06N903133     ,06N903133A    ,2,T: 06N903133A    ,G,0,0,0,0,0,0,1,56,1,17,21,0,7,903133,217.6,192.566371681415,1680.2083,1486.91,1897.8083,1679.476371681415,1704.51,2022-08-24 00:00:00.000
74339029,1P2872  ,1,1373,20,MUB,2,1020304,50.0,136.0,2013.98,N,1-20231025035,3,1,1,1,498BZG,LSVCA6F21P2013972,2023-07-26 00:00:00.000,2023-10-25 00:00:00.000,11091.0,冷启动发动机异响，发电机张紧器异响，更换张紧器,DTK511097,498BZG,SVW72025AV,2,490000,DTK,DTK,UGH,UGH,4,C6,3,EA888,06T.B,180,4,4,2.0,SB,Turbo,TSI,TSI,OTTO,1,370,AG,7,F,D,0DN.C,0DN-7F,DL382-7F,DL382,005DTK 511097ZZ23251$,006UGHB010831N2306086,2023-06-19 00:00:00.000,2023-06-08 00:00:00.000,2023-07-02 08:03:40.000,2023-07-26 00:00:00.000,2023-07-26 00:00:00.000,0,N,1373,20,MUB,1,2149.98,4,T,, ,06L,903,137,J ,   , ,06L,903,137,J ,   ,2023-11-20 00:00:00.000,2023-11-21 05:42:02.007,2024-03-22 13:34:40.530,SVWSC,      ,E,,3,0.13,2.72,1.1,17398147,2023-11-09 11:01:00.000,5VP,  06L 903 137 J     ,1.0,AD00FF043C,17725569.0,2024-01-02 13:28:00.000,5VP,  06L 903 137 J     ,1.0,AD00FF043C,2401-0011,P2013972,13972,2023,2023013972,DTK,511097,2.0T,AG7,49,498,49N,49 2.0T,49 AG7,49 2.0T AG7,DTK,511097,Z,Z,UGH,B010831,N,2023,202307,20230702,2023,202307,20230726,2023,202310,20231025,2023,202311,20231120,0,3111,11,06L903137J    ,06L903137J    ,3,T: 06L903137J    ,G,0,0,0,0,0,0,1,91,3,15,26,0,7,903137,136.0,120.353982300884,2275.7974,2013.98,2411.7974,2134.333982300884,2149.98,2023-07-02 00:00:00.000
74339039,1N5051  ,1,1373,20,JT2,2,102030405,140.0,380.8,2073.08,N,1-20220721007,3,1,1,1,498BZY,LSVCB6F28N2012005,2022-06-03 00:00:00.000,2022-07-21 00:00:00.000,3319.0,冷车启动发动机前部有异响、皮带张紧器故障、更换张紧器及辅料,DTK503013,498BZY,SVW72025BV,2,490000,DTK,DTK,UGS,UGS,4,C6,3,EA888,06T.B,180,4,4,2.0,SB,Turbo,TSI,TSI,OTTO,1,370,AG,7,Q,D,0DP.A,0DP-7Q,DL382-7Q,DL382,005DTK 503013ZZ22094W,006UGSB010558N220313F,2022-03-03 00:00:00.000,2022-03-13 00:00:00.000,2022-05-24 09:48:36.000,2022-06-03 00:00:00.000,2022-06-03 00:00:00.000,1,N,1373,20,FFF,1,2453.88,2,T,, ,06N,903,133,  ,   , ,06N,903,133,A ,   ,2022-08-20 00:00:00.000,2022-09-01 02:26:33.757,2024-03-22 13:34:40.530,SVWSC,      ,E,,5,0.13,2.72,1.1,16292154,2022-08-18 13:52:00.000,CKD,  06N 903 133 A     ,1.0,AD00FF001D,,,,,,,,N2012005,12005,2022,2022012005,DTK,503013,2.0T,AG7,49,498,49N,49 2.0T,49 AG7,49 2.0T AG7,DTK,503013,Z,Z,UGS,B010558,N,2022,202205,20220524,2022,202206,20220603,2022,202207,20220721,2022,202208,20220820,0,3111,3,06N903133     ,06N903133A    ,2,T: 06N903133A    ,G,0,0,0,0,0,0,1,48,1,28,30,1,7,903133,380.8,336.991150442477,2342.5804,2073.08,2723.3804,2410.071150442477,2453.88,2022-05-24 00:00:00.000
74340109,1R2801  ,1,1373,20,MUB,2,10203040506,50.0,136.0,2071.3,N,1-20240108010,3,1,1,1,498BZG,LSVCA6F21N2012706,2022-07-27 00:00:00.000,2024-01-08 00:00:00.000,12513.0,冷车启动时机舱有“唧唧”噪音的故障，判断张紧器与皮带不配合导致异响，更换。,DTK503280,498BZG,SVW72025AV,2,490000,DTK,DTK,UGH,UGH,4,C6,3,EA888,06T.B,180,4,4,2.0,SB,Turbo,TSI,TSI,OTTO,1,370,AG,7,F,D,0DN.C,0DN-7F,DL382-7F,DL382,005DTK 503280ZZ22103T,006UGHB010047N2201270,2022-03-09 00:00:00.000,2022-01-27 00:00:00.000,2022-06-05 14:45:50.000,2022-07-25 00:00:00.000,2022-07-27 00:00:00.000,1,N,1373,20,MUB,1,2207.3,18,T,, ,06N,903,133,A ,   , ,06N,903,133,A ,   ,2024-02-20 00:00:00.000,2024-02-21 03:13:45.800,2024-03-22 13:34:40.530,SVWSC,      ,E,,6,0.13,2.72,1.1,17651408,2024-02-02 11:12:00.000,CKD,  06N 903 133 A     ,1.0,AD00FF001D,,,,,,,,N2012706,12706,2022,2022012706,DTK,503280,2.0T,AG7,49,498,49N,49 2.0T,49 AG7,49 2.0T AG7,DTK,503280,Z,Z,UGH,B010047,N,2022,202206,20220605,2022,202207,20220725,2024,202401,20240108,2024,202402,20240220,0,3111,12,06N903133A    ,06N903133A    ,2,T: 06N903133A    ,G,0,0,0,0,0,0,1,530,17,25,43,1,7,903133,136.0,120.353982300884,2340.569,2071.3,2476.569,2191.653982300884,2207.3,2022-06-05 00:00:00.000
74341019,1P4781  ,1,1373,10,002,2,1020304,50.0,136.0,2013.98,N,1-20231129013,3,1,1,1,498BZG,LSVCA6F24N2015339,2022-10-27 00:00:00.000,2023-11-29 00:00:00.000,20537.0,发电机皮带脱落检查确定张紧器故障导致更换张紧器及皮带。,DTK506662,498BZG,SVW72025AV,2,490000,DTK,DTK,UGH,UGH,4,C6,3,EA888,06T.B,180,4,4,2.0,SB,Turbo,TSI,TSI,OTTO,1,370,AG,7,F,D,0DN.C,0DN-7F,DL382-7F,DL382,005DTK 506662ZZ22315+,006UGHB011570N2207201,2022-08-05 00:00:00.000,2022-07-20 00:00:00.000,2022-08-15 15:23:49.000,2022-10-25 00:00:00.000,2022-10-27 00:00:00.000,2,N,1373,10,5CB,1,2149.98,14,T,, ,06N,903,133,A ,   , ,06N,903,133,A ,   ,2023-12-20 00:00:00.000,2023-12-21 05:54:47.470,2024-03-22 13:34:40.530,SVWSC,      ,E,,3,0.13,2.72,1.1,17487278,2023-12-07 14:16:00.000,CKD,  06N 903 133 A     ,1.0,AD00FF001D,,,,,,,,N2015339,15339,2022,2022015339,DTK,506662,2.0T,AG7,49,498,49N,49 2.0T,49 AG7,49 2.0T AG7,DTK,506662,Z,Z,UGH,B011570,N,2022,202208,20220815,2022,202210,20221025,2023,202311,20231129,2023,202312,20231220,0,3111,20,06N903133A    ,06N903133A    ,2,T: 06N903133A    ,G,0,0,0,0,0,0,1,398,13,8,21,0,7,903133,136.0,120.353982300884,2275.7974,2013.98,2411.7974,2134.333982300884,2149.98,2022-08-15 00:00:00.000
74342039,1P3733  ,1,1373,20,MUB,2,1020304,50.0,136.0,2022.54,N,1-20231116007,3,1,1,1,498BZY,LSVCB6F27P2014363,2023-08-16 00:00:00.000,2023-11-16 00:00:00.000,1335.0,启动时机舱有唧唧噪音，张紧器与皮带不配合导致，更换张紧器。,DTK511365,498BZY,SVW72025BV,2,490000,DTK,DTK,UGS,UGS,4,C6,3,EA888,06T.B,180,4,16,2.0,SB,Turbo,TSI,TSI,OTTO,1,370,AG,7,Q,D,0DP.A,0DP-7Q,DL382-7Q,DL382,005DTK 511365ZZ23251.,006UGSB010419N230621E,2023-06-19 00:00:00.000,2023-06-21 00:00:00.000,2023-07-09 14:20:54.000,2023-08-13 00:00:00.000,2023-08-16 00:00:00.000,1,N,1373,20,MUB,1,2158.54,4,T,, ,06N,903,133,A ,   , ,06N,903,133,A ,   ,2023-12-01 00:00:00.000,2023-12-20 05:49:40.557,2024-03-22 13:34:40.530,SVWSC,      ,E,,2,0.13,2.72,1.1,17468493,2023-11-30 14:52:00.000,CKD,  06N 903 133 A     ,1.0,AD00FF001D,,,,,,,,P2014363,14363,2023,2023014363,DTK,511365,2.0T,AG7,49,498,49N,49 2.0T,49 AG7,49 2.0T AG7,DTK,511365,Z,Z,UGS,B010419,N,2023,202307,20230709,2023,202308,20230813,2023,202311,20231116,2023,202312,20231201,0,3111,1,06N903133A    ,06N903133A    ,2,T: 06N903133A    ,G,0,0,0,0,0,0,1,92,3,14,15,0,7,903133,136.0,120.353982300884,2285.4702,2022.54,2421.4702,2142.893982300884,2158.54,2023-07-09 00:00:00.000
74342089,1R1327  ,1,1373,15,MUB,2,1020304,50.0,136.0,2022.54,N,1-20240605042,3,1,1,1,498BZY,LSVDE6F23R2019736,2024-05-30 00:00:00.000,2024-06-05 00:00:00.000,169.0,仪表显示电力系统故障，张紧器与皮带不匹配导致皮带撕裂缠绕，更换张紧器及皮带,DTK536966,498BZY,SVW72025GV,2,490000,DTK,DTK,UGS,UGS,4,C6,3,EA888,06T.B,180,4,16,2.0,SB,Turbo,TSI,TSI,OTTO,1,370,AG,7,Q,D,0DP.A,0DP-7Q,DL382-7Q,DL382,005DTK 536966ZZ242036,006UGSB010581N240507I,2024-05-15 00:00:00.000,2024-05-07 00:00:00.000,2024-05-22 18:37:06.000,2024-05-29 00:00:00.000,2024-05-29 00:00:00.000,0,N,1373,15,MUB,1,2158.54,1,T,, ,06N,903,133,A ,   , ,06N,903,133,A ,   ,2024-06-20 00:00:00.000,2024-06-21 06:13:10.107,2024-06-22 06:29:22.920,SVWSC,      ,E,,2,0.13,2.72,1.1,17939832,2024-06-11 13:35:00.000,CKD,  06N 903 133 A     ,1.0,AD00FF001D,,,,,,,,R2019736,19736,2024,2024019736,DTK,536966,2.0T,AG7,49,498,49N,49 2.0T,49 AG7,49 2.0T AG7,DTK,536966,Z,Z,UGS,B010581,N,2024,202405,20240522,2024,202405,20240529,2024,202406,20240605,2024,202406,20240620,0,3111,0,06N903133A    ,06N903133A    ,2,T: 06N903133A    ,G,0,0,0,0,0,0,1,6,0,6,15,0,7,903133,136.0,120.353982300884,2285.4702,2022.54,2421.4702,2142.893982300884,2158.54,2024-05-22 00:00:00.000
74342099,1R0491  ,1,1373,20,MUB,2,102030405,50.0,136.0,2022.54,N,1-20240312014,3,1,1,1,498BZY,LSVCB6F2XP2017418,2023-09-23 00:00:00.000,2024-03-12 00:00:00.000,3163.0,"车辆前部有异响,,皮带张紧器的滚轮上存在偏差异响,更换多楔带与张紧器",DTK513293,498BZY,SVW72025BV,2,490000,DTK,DTK,UGS,UGS,4,C6,3,EA888,06T.B,180,4,16,2.0,SB,Turbo,TSI,TSI,OTTO,1,370,AG,7,Q,D,0DP.A,0DP-7Q,DL382-7Q,DL382,005DTK 513293ZZ23301Z,006UGSB010130N230807A,2023-07-24 00:00:00.000,2023-08-07 00:00:00.000,2023-08-28 11:50:40.000,2023-09-22 00:00:00.000,2023-09-23 00:00:00.000,1,N,1373,20,MUB,1,2158.54,6,T,, ,06N,903,133,A ,   , ,06N,903,133,A ,   ,2024-03-20 00:00:00.000,2024-03-21 05:28:05.220,2024-03-22 13:34:40.530,SVWSC,      ,E,,4,0.13,2.72,1.1,17730165,2024-03-18 13:48:00.000,CKD,  06N 903 133 A     ,1.0,AD00FF001D,,,,,,,,P2017418,17418,2023,2023017418,DTK,513293,2.0T,AG7,49,498,49N,49 2.0T,49 AG7,49 2.0T AG7,DTK,513293,Z,Z,UGS,B010130,N,2023,202308,20230828,2023,202309,20230922,2024,202403,20240312,2024,202403,20240320,0,3111,3,06N903133A    ,06N903133A    ,2,T: 06N903133A    ,G,0,0,0,0,0,0,1,171,5,6,8,0,7,903133,136.0,120.353982300884,2285.4702,2022.54,2421.4702,2142.893982300884,2158.54,2023-08-28 00:00:00.000
74342109,1R1752  ,1,1373,20,MUB,2,1020304,50.0,136.0,2022.54,N,1-20240525077,3,1,1,1,498BZY,LSVCB6F25P2011607,2023-06-02 00:00:00.000,2024-05-25 00:00:00.000,9839.0,"冷车前部有异响,张紧器及皮带不配合导致，更换张紧器及皮带",DTK508303,498BZY,SVW72025BV,2,490000,DTK,DTK,UGS,UGS,4,C6,3,EA888,06T.B,180,4,4,2.0,SB,Turbo,TSI,TSI,OTTO,1,370,AG,7,Q,D,0DP.A,0DP-7Q,DL382-7Q,DL382,005DTK 508303ZZ23194+,006UGSB011600N2207015,2023-05-11 00:00:00.000,2022-07-01 00:00:00.000,2023-05-20 14:04:57.000,2023-05-27 00:00:00.000,2023-06-02 00:00:00.000,0,N,1373,20,MUB,1,2158.54,12,T,, ,06N,903,133,A ,   , ,06N,903,133,A ,   ,2024-06-01 00:00:00.000,2024-06-20 06:00:54.597,2024-06-21 05:32:35.663,SVWSC,      ,E,,3,0.13,2.72,1.1,17916808,2024-05-30 10:24:00.000,CKD,  06N 903 133 A     ,1.0,AD00FF001D,,,,,,,,P2011607,11607,2023,2023011607,DTK,508303,2.0T,AG7,49,498,49N,49 2.0T,49 AG7,49 2.0T AG7,DTK,508303,Z,Z,UGS,B011600,N,2023,202305,20230520,2023,202305,20230527,2024,202405,20240525,2024,202406,20240601,0,3111,9,06N903133A    ,06N903133A    ,2,T: 06N903133A    ,G,0,0,0,0,0,0,1,358,11,5,7,0,7,903133,136.0,120.353982300884,2285.4702,2022.54,2421.4702,2142.893982300884,2158.54,2023-05-20 00:00:00.000
74342839,1R0787  ,1,1373,20,MUB,2,10203,50.0,136.0,2013.98,N,1-20240526022,3,1,1,1,498BZG,LSVCD6F24P2017182,2023-11-01 00:00:00.000,2024-05-26 00:00:00.000,6585.0,冷车启动时机舱有唧唧噪音，张紧器与皮带不配合导致，更换张紧器,DTK514412,498BZG,SVW72025DV,2,490000,DTK,DTK,UGH,UGH,4,C6,3,EA888,06T.B,180,4,16,2.0,SB,Turbo,TSI,TSI,OTTO,1,370,AG,7,F,D,0DN.C,0DN-7F,DL382-7F,DL382,005DTK 514412ZZ23315Y,006UGHB010357N2306203,2023-08-04 00:00:00.000,2023-06-20 00:00:00.000,2023-08-25 14:30:08.000,2023-10-26 00:00:00.000,2023-11-01 00:00:00.000,2,N,1373,20,MUB,1,2149.98,7,T,, ,06N,903,133,A ,   , ,06N,903,133,A ,   ,2024-06-01 00:00:00.000,2024-06-20 06:00:54.597,2024-06-21 05:32:35.663,SVWSC,      ,E,,3,0.13,2.72,1.1,17916715,2024-05-29 10:39:00.000,CKD,  06N 903 133 A     ,1.0,AD00FF001D,,,,,,,,P2017182,17182,2023,2023017182,DTK,514412,2.0T,AG7,49,498,49N,49 2.0T,49 AG7,49 2.0T AG7,DTK,514412,Z,Z,UGH,B010357,N,2023,202308,20230825,2023,202310,20231026,2024,202405,20240526,2024,202406,20240601,0,3111,6,06N903133A    ,06N903133A    ,2,T: 06N903133A    ,G,0,0,0,0,0,0,1,207,6,3,6,0,7,903133,136.0,120.353982300884,2275.7974,2013.98,2411.7974,2134.333982300884,2149.98,2023-08-25 00:00:00.000
74342929,1P0842  ,1,1373,20,MUB,2,1020304,50.0,136.0,1478.35,N,1-20230728002,3,1,1,1,498BZY,LSVCB6F2XP2011585,2023-05-30 00:00:00.000,2023-07-28 00:00:00.000,1872.0,"用户反映车辆前部异响,更换张紧器及皮带后故障排除。",DTK508324,498BZY,SVW72025BV,2,490000,DTK,DTK,UGS,UGS,4,C6,3,EA888,06T.B,180,4,4,2.0,SB,Turbo,TSI,TSI,OTTO,1,370,AG,7,Q,D,0DP.A,0DP-7Q,DL382-7Q,DL382,005DTK 508324ZZ231941,006UGSB011540N2207018,2023-05-11 00:00:00.000,2022-07-01 00:00:00.000,2023-05-22 15:30:48.000,2023-05-30 00:00:00.000,2023-06-03 00:00:00.000,0,N,1373,20,MUB,1,1614.35,2,T,, ,06N,903,133,  ,   , ,06N,903,133,A ,   ,2023-08-20 00:00:00.000,2023-08-21 04:21:10.300,2024-03-22 13:34:40.530,SVWSC,      ,E,,3,0.13,2.72,1.1,17135134,2023-08-07 14:09:00.000,CKD,  06N 903 133 A     ,1.0,AD00FF001D,,,,,,,,P2011585,11585,2023,2023011585,DTK,508324,2.0T,AG7,49,498,49N,49 2.0T,49 AG7,49 2.0T AG7,DTK,508324,Z,Z,UGS,B011540,N,2023,202305,20230522,2023,202305,20230530,2023,202307,20230728,2023,202308,20230820,0,3111,1,06N903133     ,06N903133A    ,2,T: 06N903133A    ,G,0,0,0,0,0,0,1,59,1,10,23,0,7,903133,136.0,120.353982300884,1670.5355,1478.35,1806.5355,1598.703982300884,1614.35,2023-05-22 00:00:00.000
74342989,1P2918  ,1,1373,20,MUB,2,1020304,50.0,136.0,2013.98,N,1-20231101017,3,1,1,1,498BZY,LSVCB6F20P2016598,2023-08-29 00:00:00.000,2023-11-01 00:00:00.000,5210.0,冷车启动时机舱有唧唧噪音，张紧器与皮带不配合导致，更换张紧器,DTK515342,498BZY,SVW72025BV,2,490000,DTK,DTK,UGS,UGS,4,C6,3,EA888,06T.B,180,4,16,2.0,SB,Turbo,TSI,TSI,OTTO,1,370,AG,7,Q,D,0DP.A,0DP-7Q,DL382-7Q,DL382,005DTK 515342ZZ23323-,006UGSB011206N230717F,2023-08-09 00:00:00.000,2023-07-17 00:00:00.000,2023-08-14 13:32:00.000,2023-08-29 00:00:00.000,2023-08-31 00:00:00.000,0,N,1373,20,MUB,1,2149.98,3,T,, ,06N,903,133,A ,   , ,06N,903,133,A ,   ,2023-11-20 00:00:00.000,2023-11-21 05:42:02.007,2024-03-22 13:34:40.530,SVWSC,      ,E,,4,0.13,2.72,1.1,17379714,2023-11-03 09:52:00.000,CKD,  06N 903 133 A     ,1.0,AD00FF001D,,,,,,,,P2016598,16598,2023,2023016598,DTK,515342,2.0T,AG7,49,498,49N,49 2.0T,49 AG7,49 2.0T AG7,DTK,515342,Z,Z,UGS,B011206,N,2023,202308,20230814,2023,202308,20230829,2023,202311,20231101,2023,202311,20231120,0,3111,5,06N903133A    ,06N903133A    ,2,T: 06N903133A    ,G,0,0,0,0,0,0,1,64,2,2,19,0,7,903133,136.0,120.353982300884,2275.7974,2013.98,2411.7974,2134.333982300884,2149.98,2023-08-14 00:00:00.000
74343029,1P0253  ,1,1373,18,MUB,2,102030405,50.0,136.0,2065.31,N,1-20230203008,3,1,1,1,498BZY,LSVCB6F24N2010283,2022-02-28 00:00:00.000,2023-02-03 00:00:00.000,10621.0,仪表亮电力系统故障，发电机皮带脱落，更换张紧轮和发电机皮带,DTK501062,498BZY,SVW72025BV,2,490000,DTK,DTK,UGS,UGS,4,C6,3,EA888,06T.B,180,4,4,2.0,SB,Turbo,TSI,TSI,OTTO,1,370,AG,7,Q,D,0DP.A,0DP-7Q,DL382-7Q,DL382,005DTK 501062ZZ21512S,006UGSB010021N2112274,2021-12-21 00:00:00.000,2021-12-27 00:00:00.000,2022-02-08 15:03:56.000,2022-02-28 00:00:00.000,2022-05-27 00:00:00.000,0,N,1373,18,MUB,1,2201.31,12,T,, ,06N,903,133,  ,   , ,06N,903,133,A ,   ,2023-02-20 00:00:00.000,2023-02-21 04:43:24.603,2024-03-22 13:34:40.530,SVWSC,      ,E,,4,0.13,2.72,1.1,16749152,2023-02-17 13:47:00.000,CKD,  06N 903 133 A     ,1.0,AD00FF001D,,,,,,,,N2010283,10283,2022,2022010283,DTK,501062,2.0T,AG7,49,498,49N,49 2.0T,49 AG7,49 2.0T AG7,DTK,501062,Z,Z,UGS,B010021,N,2022,202202,20220208,2022,202202,20220228,2023,202302,20230203,2023,202302,20230220,0,3111,10,06N903133     ,06N903133A    ,2,T: 06N903133A    ,G,0,0,0,0,0,0,1,340,11,14,17,0,7,903133,136.0,120.353982300884,2333.8003,2065.31,2469.8003,2185.663982300884,2201.31,2022-02-08 00:00:00.000
74346029,1R0368  ,1,1373,15,MUB,2,1020304,80.0,217.6,2013.98,N,1-20240324025,3,1,1,1,498BZY,LSVCB6F24N2014222,2023-04-15 00:00:00.000,2024-03-24 00:00:00.000,16132.0,车辆抛锚，无法行驶，检查发电机皮带，确认为发电机皮带断裂，更换发电机皮带及张紧轮,DTK504416,498BZY,SVW72025BV,2,490000,DTK,DTK,UGS,UGS,4,C6,3,EA888,06T.B,180,4,4,2.0,SB,Turbo,TSI,TSI,OTTO,1,370,AG,7,Q,D,0DP.A,0DP-7Q,DL382-7Q,DL382,005DTK 504416ZZ22235.,006UGSB011340N2206149,2022-06-10 00:00:00.000,2022-06-14 00:00:00.000,2022-07-12 14:39:46.000,2023-04-14 00:00:00.000,2023-04-15 00:00:00.000,9,N,1373,15,MUB,1,2231.58,12,T,, ,06N,903,133,A ,   , ,06N,903,133,A ,   ,2024-04-20 00:00:00.000,2024-04-21 05:11:49.307,2024-04-22 04:43:55.213,SVWSC,      ,E,,3,0.13,2.72,1.1,17772127,2024-04-03 13:05:00.000,CKD,  06N 903 133 A     ,1.0,AD00FF001D,,,,,,,,N2014222,14222,2022,2022014222,DTK,504416,2.0T,AG7,49,498,49N,49 2.0T,49 AG7,49 2.0T AG7,DTK,504416,Z,Z,UGS,B011340,N,2022,202207,20220712,2023,202304,20230414,2024,202403,20240324,2024,202404,20240420,0,3111,16,06N903133A    ,06N903133A    ,2,T: 06N903133A    ,G,0,0,0,0,0,0,1,344,11,10,27,0,7,903133,217.6,192.566371681415,2275.7974,2013.98,2493.3974,2206.546371681415,2231.58,2022-07-12 00:00:00.000
74346099,1P1449  ,1,1373,20,MUB,2,102030405,50.0,136.0,2094.74,N,1-20231109057,3,1,1,1,498BZY,LSVCB6F20P2012907,2023-07-11 00:00:00.000,2023-11-09 00:00:00.000,9269.0,凉车启动时前部吱吱响，检查为皮带张紧器故障，更换皮带张紧器。,DTK509941,498BZY,SVW72025BV,2,490000,DTK,DTK,UGS,UGS,4,C6,3,EA888,06T.B,180,4,4,2.0,SB,Turbo,TSI,TSI,OTTO,1,370,AG,7,Q,D,0DP.A,0DP-7Q,DL382-7Q,DL382,005DTK 509941ZZ232230,006UGSB010672N230527K,2023-05-31 00:00:00.000,2023-05-27 00:00:00.000,2023-06-10 14:22:56.000,2023-07-11 00:00:00.000,2023-07-11 00:00:00.000,1,N,1373,20,MUB,1,2230.74,5,T,, ,06N,903,133,A ,   , ,06N,903,133,A ,   ,2023-12-20 00:00:00.000,2023-12-21 05:54:47.470,2024-03-22 13:34:40.530,SVWSC,      ,E,,4,0.13,2.72,1.1,17512351,2023-12-18 14:07:00.000,CKD,  06N 903 133 A     ,1.0,AD00FF001D,,,,,,,,P2012907,12907,2023,2023012907,DTK,509941,2.0T,AG7,49,498,49N,49 2.0T,49 AG7,49 2.0T AG7,DTK,509941,Z,Z,UGS,B010672,N,2023,202306,20230610,2023,202307,20230711,2023,202311,20231109,2023,202312,20231220,0,3111,9,06N903133A    ,06N903133A    ,2,T: 06N903133A    ,G,0,0,0,0,0,0,1,121,4,39,41,1,7,903133,136.0,120.353982300884,2367.0562,2094.74,2503.0562,2215.093982300884,2230.74,2023-06-10 00:00:00.000
74348019,1P3438  ,1,1373,20,MUB,2,1020304,50.0,136.0,2013.98,N,1-20231102023,3,1,1,1,498BZG,LSVCA6F21N2014469,2023-05-25 00:00:00.000,2023-11-02 00:00:00.000,6711.0,凉车发动机前部异响，更换皮带张紧器和多楔带。,DTK505609,498BZG,SVW72025AV,2,490000,DTK,DTK,UGH,UGH,4,C6,3,EA888,06T.B,180,4,4,2.0,SB,Turbo,TSI,TSI,OTTO,1,370,AG,7,F,D,0DN.C,0DN-7F,DL382-7F,DL382,005DTK 505609ZZ222843,006UGHB011087N2203020,2022-07-14 00:00:00.000,2022-03-02 00:00:00.000,2022-07-18 17:32:34.000,2023-05-25 00:00:00.000,2023-05-31 00:00:00.000,10,N,1373,20,MUB,1,2149.98,6,T,, ,06N,903,133,A ,   , ,06N,903,133,A ,   ,2023-12-20 00:00:00.000,2023-12-21 05:54:47.470,2024-03-22 13:34:40.530,SVWSC,      ,E,,4,0.13,2.72,1.1,17484794,2023-12-06 10:54:00.000,CKD,  06N 903 133 A     ,1.0,AD00FF001D,,,,,,,,N2014469,14469,2022,2022014469,DTK,505609,2.0T,AG7,49,498,49N,49 2.0T,49 AG7,49 2.0T AG7,DTK,505609,Z,Z,UGH,B011087,N,2022,202207,20220718,2023,202305,20230525,2023,202311,20231102,2023,202312,20231220,0,3111,6,06N903133A    ,06N903133A    ,2,T: 06N903133A    ,G,0,0,0,0,0,0,1,161,5,34,48,1,7,903133,136.0,120.353982300884,2275.7974,2013.98,2411.7974,2134.333982300884,2149.98,2022-07-18 00:00:00.000
74351079,1P3572  ,1,1373,20,MUB,2,102030405,50.0,136.0,1559.11,N,1-20230907088,3,1,1,1,498BZG,LSVCA6F29P2010298,2023-04-27 00:00:00.000,2023-09-07 00:00:00.000,6394.0,发动机前部存在异响，张紧器及皮带故障，更换张紧器及皮带,DTK505394,498BZG,SVW72025AV,2,490000,DTK,DTK,UGH,UGH,4,C6,3,EA888,06T.B,180,4,4,2.0,SB,Turbo,TSI,TSI,OTTO,1,370,AG,7,F,D,0DN.C,0DN-7F,DL382-7F,DL382,005DTK 505394ZZ222743,006UGHB011433N220720%,2022-07-07 00:00:00.000,2022-07-20 00:00:00.000,2023-04-17 15:54:06.000,2023-04-26 00:00:00.000,2023-04-27 00:00:00.000,0,N,1373,20,MUB,1,1695.11,5,T,, ,06N,903,133,  ,   , ,06N,903,133,A ,   ,2023-10-01 00:00:00.000,2023-10-20 06:17:58.463,2024-03-22 13:34:40.530,SVWSC,      ,E,,2,0.13,2.72,1.1,17254532,2023-09-20 10:29:00.000,CKD,  06N 903 133 A     ,1.0,AD00FF001D,,,,,,,,P2010298,10298,2023,2023010298,DTK,505394,2.0T,AG7,49,498,49N,49 2.0T,49 AG7,49 2.0T AG7,DTK,505394,Z,Z,UGH,B011433,N,2023,202304,20230417,2023,202304,20230426,2023,202309,20230907,2023,202310,20231001,0,3111,6,06N903133     ,06N903133A    ,2,T: 06N903133A    ,G,0,0,0,0,0,0,1,133,4,13,24,0,7,903133,136.0,120.353982300884,1761.7943,1559.11,1897.7943,1679.463982300884,1695.11,2023-04-17 00:00:00.000
74351079,1P4668  ,1,1373,18,MUB,2,10203,50.0,136.0,2013.98,N,1-20231111075,3,1,1,1,498BZG,LSVCA6F20P2012652,2023-09-01 00:00:00.000,2023-11-11 00:00:00.000,5238.0,"皮带脱落,张紧器与皮带不配合故障，更换张紧器与皮带",DTK509390,498BZG,SVW72025AV,2,490000,DTK,DTK,UGH,UGH,4,C6,3,EA888,06T.B,180,4,16,2.0,SB,Turbo,TSI,TSI,OTTO,1,370,AG,7,F,D,0DN.C,0DN-7F,DL382-7F,DL382,005DTK 509390ZZ23204/,006UGHB011481N2306011,2023-05-18 00:00:00.000,2023-06-01 00:00:00.000,2023-06-06 12:49:41.000,2023-08-25 00:00:00.000,2023-09-01 00:00:00.000,2,N,1373,18,MUB,1,2149.98,3,T,, ,06N,903,133,A ,   , ,06N,903,133,A ,   ,2023-12-01 00:00:00.000,2023-12-20 05:49:40.557,2024-04-26 10:39:40.607,SVWSC,      ,E,,2,0.13,2.72,1.1,17463187,2023-11-29 10:52:00.000,CKD,  06N 903 133 A     ,1.0,AD00FF001D,,,,,,,,P2012652,12652,2023,2023012652,DTK,509390,2.0T,AG7,49,498,49N,49 2.0T,49 AG7,49 2.0T AG7,DTK,509390,Z,Z,UGH,B011481,N,2023,202306,20230606,2023,202308,20230825,2023,202311,20231111,2023,202312,20231201,0,3111,5,06N903133A    ,06N903133A    ,2,T: 06N903133A    ,G,0,0,0,0,0,0,1,71,2,18,20,0,7,903133,136.0,120.353982300884,2275.7974,2013.98,2411.7974,2134.333982300884,2149.98,2023-06-06 00:00:00.000
74351089,1P2366  ,1,1373,20,MUB,2,1020304,50.0,136.0,1486.91,N,1-20230704106,3,1,1,1,498BZY,LSVCB6F25P2011588,2023-05-27 00:00:00.000,2023-07-04 00:00:00.000,2655.0,车辆启动机舱有异响，张紧器与皮带不配合导致，更换张紧器、皮带。,DTK508318,498BZY,SVW72025BV,2,490000,DTK,DTK,UGS,UGS,4,C6,3,EA888,06T.B,180,4,4,2.0,SB,Turbo,TSI,TSI,OTTO,1,370,AG,7,Q,D,0DP.A,0DP-7Q,DL382-7Q,DL382,005DTK 508318ZZ231944,006UGSB011576N220701H,2023-05-11 00:00:00.000,2022-07-01 00:00:00.000,2023-05-22 15:28:54.000,2023-05-27 00:00:00.000,2023-05-30 00:00:00.000,0,N,1373,20,MUB,1,1622.91,2,T,, ,06N,903,133,  ,   , ,06N,903,133,A ,   ,2023-07-20 00:00:00.000,2023-07-21 06:39:03.173,2024-03-22 13:34:40.530,SVWSC,      ,E,,3,0.13,2.72,1.1,17066036,2023-07-12 12:50:00.000,CKD,  06N 903 133 A     ,1.0,AD00FF001D,,,,,,,,P2011588,11588,2023,2023011588,DTK,508318,2.0T,AG7,49,498,49N,49 2.0T,49 AG7,49 2.0T AG7,DTK,508318,Z,Z,UGS,B011576,N,2023,202305,20230522,2023,202305,20230527,2023,202307,20230704,2023,202307,20230720,0,3111,2,06N903133     ,06N903133A    ,2,T: 06N903133A    ,G,0,0,0,0,0,0,1,38,1,8,16,0,7,903133,136.0,120.353982300884,1680.2083,1486.91,1816.2083,1607.263982300884,1622.91,2023-05-22 00:00:00.000
74351749,1P1616  ,1,1373,20,MUB,2,102030405,50.0,136.0,2094.74,N,1-20231127037,3,1,1,1,498BZG,LSVCA6F29P2010446,2023-05-06 00:00:00.000,2023-11-27 00:00:00.000,17599.0,发动机前部吱吱异响，皮带张紧器处异响，更换皮带及张紧器,DTK505191,498BZG,SVW72025AV,2,490000,DTK,DTK,UGH,UGH,4,C6,3,EA888,06T.B,180,4,4,2.0,SB,Turbo,TSI,TSI,OTTO,1,370,AG,7,F,D,0DN.C,0DN-7F,DL382-7F,DL382,005DTK 505191ZZ22274+,006UGHB011172N2208020,2022-07-07 00:00:00.000,2022-08-02 00:00:00.000,2023-04-26 15:45:35.000,2023-05-05 00:00:00.000,2023-05-06 00:00:00.000,1,N,1373,20,MUB,1,2230.74,7,T,, ,06N,903,133,A ,   , ,06N,903,133,A ,   ,2023-12-20 00:00:00.000,2023-12-21 05:54:47.470,2024-03-22 13:34:40.530,SVWSC,      ,E,,3,0.13,2.72,1.1,17479350,2023-12-04 14:32:00.000,CKD,  06N 903 133 A     ,1.0,AD00FF001D,,,,,,,,P2010446,10446,2023,2023010446,DTK,505191,2.0T,AG7,49,498,49N,49 2.0T,49 AG7,49 2.0T AG7,DTK,505191,Z,Z,UGH,B011172,N,2023,202304,20230426,2023,202305,20230505,2023,202311,20231127,2023,202312,20231220,0,3111,17,06N903133A    ,06N903133A    ,2,T: 06N903133A    ,G,0,0,0,0,0,0,1,205,6,7,23,0,7,903133,136.0,120.353982300884,2367.0562,2094.74,2503.0562,2215.093982300884,2230.74,2023-04-26 00:00:00.000
74351949,1R0514  ,1,1373,20,MUB,2,102030405,50.0,136.0,2022.54,N,1-20240418024,3,1,1,1,498BZY,LSVCB6F21P2017288,2023-09-24 00:00:00.000,2024-04-18 00:00:00.000,6142.0,车子前部有唧唧声，张紧器与皮带不配合导致，更换张紧器,DTK515332,498BZY,SVW72025BV,2,490000,DTK,DTK,UGS,UGS,4,C6,3,EA888,06T.B,180,4,16,2.0,SB,Turbo,TSI,TSI,OTTO,1,370,AG,7,Q,D,0DP.A,0DP-7Q,DL382-7Q,DL382,005DTK 515332ZZ23323Z,006UGSB010081N230807F,2023-08-09 00:00:00.000,2023-08-07 00:00:00.000,2023-08-25 10:34:48.000,2023-09-21 00:00:00.000,2023-09-24 00:00:00.000,1,N,1373,20,MUB,1,2158.54,7,T,, ,06N,903,133,A ,   , ,06N,903,133,A ,   ,2024-05-01 00:00:00.000,2024-05-20 04:34:43.827,2024-05-21 05:38:57.557,SVWSC,      ,E,,5,0.13,2.72,1.1,17818658,2024-04-22 13:43:00.000,CKD,  06N 903 133 A     ,1.0,AD00FF001D,,,,,,,,P2017288,17288,2023,2023017288,DTK,515332,2.0T,AG7,49,498,49N,49 2.0T,49 AG7,49 2.0T AG7,DTK,515332,Z,Z,UGS,B010081,N,2023,202308,20230825,2023,202309,20230921,2024,202404,20240418,2024,202405,20240501,0,3111,6,06N903133A    ,06N903133A    ,2,T: 06N903133A    ,G,0,0,0,0,0,0,1,207,6,4,13,0,7,903133,136.0,120.353982300884,2285.4702,2022.54,2421.4702,2142.893982300884,2158.54,2023-08-25 00:00:00.000
74363999,1R0853  ,1,1373,10,MUB,2,1020304,50.0,136.0,2022.54,N,1-20240511020,3,1,1,1,498BZY,LSVCE6F22P2022409,2023-12-28 00:00:00.000,2024-05-11 00:00:00.000,23005.0,客户反映发动机皮带断裂 ，发动机张紧器故障导致，更换发动机张紧器及皮带。,DTK520120,498BZY,SVW72025EV,2,490000,DTK,DTK,USG,USG,4,C6,3,EA888,06T.B,180,4,16,2.0,SB,Turbo,TSI,TSI,OTTO,1,370,AG,7,Q,D,0DP.A,0AK-7Q,DL382-7Q,DL382,005DTK 520120ZZ23432R,006UGSB010559N231016I,2023-10-24 00:00:00.000,2023-10-16 00:00:00.000,2023-10-30 05:21:52.000,2023-12-26 00:00:00.000,2023-12-28 00:00:00.000,2,N,1373,10,MUB,1,2158.54,5,T,, ,06N,903,133,A ,   , ,06N,903,133,A ,   ,2024-06-01 00:00:00.000,2024-06-20 06:00:54.597,2024-06-21 05:32:35.663,SVWSC,      ,E,,2,0.13,2.72,1.1,17915547,2024-05-28 15:05:00.000,CKD,  06N 903 133 A     ,1.0,AD00FF001D,,,,,,,,P2022409,22409,2023,2023022409,DTK,520120,2.0T,AG7,49,498,49N,49 2.0T,49 AG7,49 2.0T AG7,DTK,520120,Z,Z,UGS,B010559,N,2023,202310,20231030,2023,202312,20231226,2024,202405,20240511,2024,202406,20240601,0,3111,23,06N903133A    ,06N903133A    ,2,T: 06N903133A    ,G,0,0,0,0,0,0,1,135,4,17,21,0,7,903133,136.0,120.353982300884,2285.4702,2022.54,2421.4702,2142.893982300884,2158.54,2023-10-30 00:00:00.000
74364019,1R0703  ,1,1373,15,MUB,2,102030405,50.0,136.0,2071.3,N,1-20240331005,3,1,1,1,498BZY,LSVCB6F27N2011556,2022-06-01 00:00:00.000,2024-03-31 00:00:00.000,30161.0,客户反映压缩机螺丝断裂，皮带脱落，判断为皮带涨紧器及皮带故障，更换皮带张紧器及皮带,DTK502881,498BZY,SVW72025BV,2,490000,DTK,DTK,UGS,UGS,4,C6,3,EA888,06T.B,180,4,4,2.0,SB,Turbo,TSI,TSI,OTTO,1,370,AG,7,Q,D,0DP.A,0DP-7Q,DL382-7Q,DL382,005DTK 502881ZZ220941,006UGSB010309N220225B,2022-03-03 00:00:00.000,2022-02-25 00:00:00.000,2022-05-13 17:15:57.000,2022-05-25 00:00:00.000,2022-06-01 00:00:00.000,0,N,1373,15,MUB,1,2207.3,23,T,, ,06N,903,133,A ,   , ,06N,903,133,A ,   ,2024-05-20 00:00:00.000,2024-05-21 05:59:09.260,2024-05-22 05:54:15.540,SVWSC,      ,E,,5,0.13,2.72,1.1,17861798,2024-05-11 14:12:00.000,CKD,  06N 903 133 A     ,1.0,AD00FF001D,,,,,,,,N2011556,11556,2022,2022011556,DTK,502881,2.0T,AG7,49,498,49N,49 2.0T,49 AG7,49 2.0T AG7,DTK,502881,Z,Z,UGS,B010309,N,2022,202205,20220513,2022,202205,20220525,2024,202403,20240331,2024,202405,20240520,0,3111,30,06N903133A    ,06N903133A    ,2,T: 06N903133A    ,G,0,0,0,0,0,0,1,669,22,41,50,1,7,903133,136.0,120.353982300884,2340.569,2071.3,2476.569,2191.653982300884,2207.3,2022-05-13 00:00:00.000
